{
  "sample_count": 110,
  "test_accuracy": 0.6470588235294118,
  "test_precision": 0.6666666666666666,
  "test_recall": 0.8,
  "test_f1": 0.7272727272727273,
  "test_auc": 0.5857142857142856,
  "confusion_matrix": [
    [
      3,
      4
    ],
    [
      2,
      8
    ]
  ],
  "train_losses": [
    0.6917274236679077,
    0.46415662169456484,
    0.3011921465396881,
    0.16014018505811692,
    0.14905582815408708,
    0.06445332020521163,
    0.07372006624937058,
    0.05092152133584023,
    0.05605035685002804,
    0.02738029547035694,
    0.023169513233006,
    0.02063271775841713,
    0.028797739744186403,
    0.017040953412652014,
    0.014362601935863495,
    0.012406865693628788,
    0.011326229199767113,
    0.011045557539910078,
    0.02295004967600107,
    0.013612194173038005,
    0.010360792744904757,
    0.010068283975124359,
    0.008906762208789587,
    0.009956554230302572,
    0.02382066920399666,
    0.012881532963365316,
    0.035552617814391854,
    0.008594701113179327,
    0.006042839307337999,
    0.008249407634139061,
    0.010446610674262048,
    0.011704984586685896,
    0.004990253737196327,
    0.02802703147754073,
    0.010211702156811952,
    0.005850766273215413,
    0.006601002812385559,
    0.0175834477879107,
    0.005659918114542961,
    0.013356123119592667,
    0.007697217725217342,
    0.005953807616606355,
    0.010332642728462816,
    0.03126516775228083,
    0.015448887553066015,
    0.0062560492195189,
    0.0044990192167460915,
    0.004584172274917364,
    0.008896952169016004,
    0.005886650923639536,
    0.007950371503829956,
    0.00924407341517508,
    0.004503958020359277,
    0.010820737620815635,
    0.025343768717721104,
    0.011384557909332215,
    0.005364138586446643,
    0.010610551433637738,
    0.0054246742278337475,
    0.0032661080360412596,
    0.00688790986314416,
    0.005855009285733103,
    0.0024854485876858235,
    0.005971961701288819,
    0.003079007612541318,
    0.003947811620309949,
    0.0027324081398546695,
    0.003612164920195937,
    0.007626671670004725,
    0.004787642252631485,
    0.007573996251448989,
    0.006907747592777014,
    0.0040672401199117305,
    0.003773762425407767,
    0.0032496793661266564,
    0.006578257540240884,
    0.021224662475287915,
    0.0033236943650990724,
    0.004543464025482535,
    0.00762261375784874,
    0.00446853821631521,
    0.003685135766863823,
    0.003695794893428683,
    0.005657699005678296,
    0.004991510836407542,
    0.011850966652855278,
    0.006710572633892298,
    0.0061816249275580045,
    0.0030801704386249186,
    0.002941701002418995,
    0.003401634842157364,
    0.003164271777495742,
    0.007723435433581472,
    0.007072322489693761,
    0.0031377415638417006,
    0.007105741556733847,
    0.005634274985641241,
    0.0033781687961891294,
    0.002756916335783899,
    0.0029941451270133258,
    0.00555500821210444,
    0.008649663301184773,
    0.002775727165862918,
    0.008264149259775876,
    0.0036720515694469214,
    0.0034738811664283276,
    0.00459148632362485,
    0.0030704681063070892,
    0.004866781923919916,
    0.0049876005621626975,
    0.0026449128752574326,
    0.00579844769090414,
    0.010362997511401772,
    0.008599586272612213,
    0.004270817898213863,
    0.0070194571511819955,
    0.002413458493538201,
    0.002938414178788662,
    0.004226253950037062,
    0.0027227149344980716,
    0.0063172017456963655,
    0.008921149419620633,
    0.0038177754962816835,
    0.0060109543614089486,
    0.004056683741509914,
    0.002363065048120916,
    0.011570808640681208,
    0.008218857669271528,
    0.0032077070325613024,
    0.004304486280307174,
    0.0027377273421734572,
    0.0028085005935281513,
    0.0025775375310331584,
    0.0037979618180543186,
    0.0064696638379246,
    0.0041426885407418014,
    0.004635593155398965,
    0.004676272347569466,
    0.003963655256666243,
    0.0064727890770882365,
    0.0025558009278029204,
    0.003977500391192735,
    0.005280896928161383,
    0.0038342241430655124,
    0.0026161901885643603,
    0.006137973628938198,
    0.01048653181642294,
    0.005428686924278736,
    0.0035885862773284314,
    0.0040855846833437685
  ],
  "val_losses": [
    0.683731734752655,
    0.6721643209457397,
    0.6670268774032593,
    0.6639002561569214,
    0.6723299026489258,
    0.6853638291358948,
    0.6948080658912659,
    0.6974908709526062,
    0.7069039940834045,
    0.7106589078903198,
    0.7141751646995544,
    0.7092821002006531,
    0.7152277231216431,
    0.7192298173904419,
    0.7304245829582214,
    0.7386002540588379,
    0.7421836256980896,
    0.7571206092834473,
    0.7963987588882446,
    0.8021770119667053,
    0.7962207794189453,
    0.781758725643158,
    0.7752546668052673,
    0.7833883762359619,
    0.8227346539497375,
    0.7769248485565186,
    0.8077004551887512,
    0.8150072693824768,
    0.8101859092712402,
    0.8198075294494629,
    0.8384184837341309,
    0.8368580341339111,
    0.8152804374694824,
    0.7838988304138184,
    0.8170446753501892,
    0.8118184208869934,
    0.8492373824119568,
    0.8630576133728027,
    0.8476722240447998,
    0.8576205372810364,
    0.8706201910972595,
    0.8646368980407715,
    0.8768948316574097,
    0.9460170865058899,
    0.9267432689666748,
    0.9273636341094971,
    0.8704608678817749,
    0.8639563322067261,
    0.8732879757881165,
    0.8731371760368347,
    0.8407053351402283,
    0.8959472179412842,
    0.9185432195663452,
    0.9251560568809509,
    0.8784185647964478,
    0.907923698425293,
    0.8967790007591248,
    0.8699523210525513,
    0.8778465986251831,
    0.8893778324127197,
    0.8709092140197754,
    0.8471536040306091,
    0.8731764554977417,
    0.8907313346862793,
    0.8710229396820068,
    0.859436571598053,
    0.8705829381942749,
    0.874250054359436,
    0.875042200088501,
    0.8885288834571838,
    0.9093219637870789,
    0.8721681237220764,
    0.9073343276977539,
    0.899843692779541,
    0.9018588066101074,
    0.8812509775161743,
    0.8274044394493103,
    0.8563514351844788,
    0.9088091254234314,
    0.8608434796333313,
    0.8623101711273193,
    0.8715891242027283,
    0.8960369229316711,
    0.9037255048751831,
    0.9319146871566772,
    0.8890362977981567,
    0.8648616671562195,
    0.8718619346618652,
    0.8749873042106628,
    0.8776475191116333,
    0.8896323442459106,
    0.9080936312675476,
    0.9064414501190186,
    0.8769469261169434,
    0.8909015655517578,
    0.9235219359397888,
    0.8678625822067261,
    0.8771075010299683,
    0.8907408714294434,
    0.9212565422058105,
    0.9260435700416565,
    0.9230244159698486,
    0.8996111750602722,
    0.8736929893493652,
    0.8833565711975098,
    0.8888049125671387,
    0.8808703422546387,
    0.8720234632492065,
    0.8958077430725098,
    0.8925641179084778,
    0.9252769351005554,
    0.9203931093215942,
    0.9276291131973267,
    0.9710989594459534,
    0.9863553047180176,
    0.9560248255729675,
    0.9514777064323425,
    0.9516149163246155,
    0.9172061085700989,
    0.8956740498542786,
    0.8810177445411682,
    0.8772688508033752,
    0.917546272277832,
    0.9567251801490784,
    0.9530854821205139,
    0.9156753420829773,
    0.9117436408996582,
    0.8671936988830566,
    0.8965124487876892,
    0.903444766998291,
    0.923031210899353,
    0.9321637153625488,
    0.9477395415306091,
    0.9227312207221985,
    0.9695677757263184,
    0.9795434474945068,
    0.9775336980819702,
    0.9494507908821106,
    0.9101696610450745,
    0.9168201684951782,
    0.9392267465591431,
    0.9564217925071716,
    0.942266583442688,
    0.9591757655143738,
    0.9476630091667175,
    0.9324495792388916,
    0.9087603092193604,
    0.8979411125183105,
    0.8772668242454529,
    0.885220468044281
  ]
}