{
  "mean_pooling": {
    "auc_mean": 0.8419753086419753,
    "auc_std": 0.08414442950978876,
    "acc_mean": 0.8006535947712419,
    "f1_mean": 0.8108403361344537,
    "fold_aucs": [
      0.9877,
      0.8333,
      0.8611,
      0.7917,
      0.7361
    ]
  },
  "cls_token": {
    "auc_mean": 0.856172839506173,
    "auc_std": 0.0637732298364589,
    "acc_mean": 0.8254901960784314,
    "f1_mean": 0.8245614035087719,
    "fold_aucs": [
      0.8642,
      0.9028,
      0.7778,
      0.9444,
      0.7917
    ]
  }
}