{
  "uni_ca_baseline": {
    "model": "uni_ca",
    "auc_mean": 0.8461,
    "auc_std": 0.0204,
    "fold_aucs": [
      0.8664,
      0.8429,
      0.8192,
      0.8721,
      0.8299
    ],
    "overall_pr_auc": 0.6603,
    "gate_stats": null
  },
  "bi_ca_avg_baseline": {
    "model": "bi_ca_avg",
    "auc_mean": 0.8457,
    "auc_std": 0.019,
    "fold_aucs": [
      0.8719,
      0.8512,
      0.821,
      0.857,
      0.8272
    ],
    "overall_pr_auc": 0.6599,
    "gate_stats": null
  },
  "gsca_baseline": {
    "model": "gsca",
    "auc_mean": 0.8391,
    "auc_std": 0.0196,
    "fold_aucs": [
      0.8579,
      0.85,
      0.8168,
      0.857,
      0.814
    ],
    "overall_pr_auc": 0.642,
    "gate_stats": {
      "mean_gate": 0.6794672461375457,
      "std_gate": 0.34072538336624764,
      "gate_positive_mean": 0.6476866229832601,
      "gate_negative_mean": 0.6903121887360213,
      "gate_percentile_25": 0.35074155032634735,
      "gate_percentile_50": 0.862712025642395,
      "gate_percentile_75": 0.9710443019866943
    }
  },
  "uni_ca_icl_full": {
    "model": "uni_ca",
    "auc_mean": 0.8572,
    "auc_std": 0.0218,
    "fold_aucs": [
      0.8761,
      0.8501,
      0.8349,
      0.8891,
      0.8359
    ],
    "overall_pr_auc": 0.6779,
    "gate_stats": null
  },
  "bi_ca_avg_icl_full": {
    "model": "bi_ca_avg",
    "auc_mean": 0.8561,
    "auc_std": 0.0237,
    "fold_aucs": [
      0.8797,
      0.8572,
      0.8223,
      0.8838,
      0.8374
    ],
    "overall_pr_auc": 0.6809,
    "gate_stats": null
  },
  "gsca_icl_full": {
    "model": "gsca",
    "auc_mean": 0.8552,
    "auc_std": 0.0246,
    "fold_aucs": [
      0.8754,
      0.8458,
      0.8261,
      0.8918,
      0.8366
    ],
    "overall_pr_auc": 0.6823,
    "gate_stats": {
      "mean_gate": 0.6731731460609855,
      "std_gate": 0.3485771376367638,
      "gate_positive_mean": 0.6114507706688462,
      "gate_negative_mean": 0.6942355278437369,
      "gate_percentile_25": 0.3107268512248993,
      "gate_percentile_50": 0.8658624887466431,
      "gate_percentile_75": 0.9661031067371368
    }
  }
}