{
  "ipl_v2_proto0.05_baseline": {
    "auc_mean": 0.8431,
    "auc_std": 0.0213,
    "fold_aucs": [
      0.8569,
      0.8514,
      0.8041,
      0.8647,
      0.8384
    ],
    "gate_stats": {
      "mean_gate": 0.6780869364738464,
      "std_gate": 0.33260324597358704,
      "gate_p25": 0.348147913813591,
      "gate_p50": 0.8849985003471375,
      "gate_p75": 0.9585789144039154
    }
  },
  "ipl_v2_proto0.05_icl_full": {
    "auc_mean": 0.8549,
    "auc_std": 0.024,
    "fold_aucs": [
      0.882,
      0.8542,
      0.8251,
      0.8815,
      0.8314
    ],
    "gate_stats": {
      "mean_gate": 0.6726177930831909,
      "std_gate": 0.3093789517879486,
      "gate_p25": 0.38155360519886017,
      "gate_p50": 0.8186535835266113,
      "gate_p75": 0.9434831440448761
    }
  },
  "ipl_v2_proto0.1_baseline": {
    "auc_mean": 0.839,
    "auc_std": 0.0293,
    "fold_aucs": [
      0.8717,
      0.854,
      0.8049,
      0.8618,
      0.8027
    ],
    "gate_stats": {
      "mean_gate": 0.6840087175369263,
      "std_gate": 0.25932249426841736,
      "gate_p25": 0.5149326920509338,
      "gate_p50": 0.7570589780807495,
      "gate_p75": 0.9054194092750549
    }
  },
  "ipl_v2_proto0.1_icl_full": {
    "auc_mean": 0.8568,
    "auc_std": 0.0228,
    "fold_aucs": [
      0.8848,
      0.8522,
      0.8278,
      0.8813,
      0.8382
    ],
    "gate_stats": {
      "mean_gate": 0.7162802815437317,
      "std_gate": 0.3189082145690918,
      "gate_p25": 0.5387518107891083,
      "gate_p50": 0.8790075182914734,
      "gate_p75": 0.9673574566841125
    }
  },
  "ipl_v2_proto0.2_baseline": {
    "auc_mean": 0.8434,
    "auc_std": 0.0196,
    "fold_aucs": [
      0.8671,
      0.8386,
      0.8272,
      0.8653,
      0.8191
    ],
    "gate_stats": {
      "mean_gate": 0.6751249432563782,
      "std_gate": 0.30026066303253174,
      "gate_p25": 0.3918912708759308,
      "gate_p50": 0.8156588673591614,
      "gate_p75": 0.941884845495224
    }
  },
  "ipl_v2_proto0.2_icl_full": {
    "auc_mean": 0.852,
    "auc_std": 0.0265,
    "fold_aucs": [
      0.8819,
      0.8432,
      0.821,
      0.8846,
      0.8293
    ],
    "gate_stats": {
      "mean_gate": 0.714966356754303,
      "std_gate": 0.2875533998012543,
      "gate_p25": 0.501311331987381,
      "gate_p50": 0.8526624441146851,
      "gate_p75": 0.947424590587616
    }
  }
}