{
  "baseline": {
    "random_cv": {
      "SVM-RBF C=10 balanced": {
        "auc_mean": 0.8199,
        "auc_std": 0.0332,
        "acc_mean": 0.7889
      }
    },
    "cluster_cv": {
      "auc_mean": 0.8188,
      "auc_std": 0.0167,
      "acc_mean": 0.7853
    },
    "logpso": {
      "Gq": {
        "auc": 0.5990509423897582,
        "accuracy": 0.6607142857142857,
        "precision": 0.0,
        "recall": 0.0,
        "f1": 0.0
      },
      "Gi": {
        "auc": 0.5723270440251572,
        "accuracy": 0.5994962216624685,
        "precision": 0.0,
        "recall": 0.0,
        "f1": 0.0
      },
      "Gs": {
        "auc": 0.5925473186119873,
        "accuracy": 0.7984886649874056,
        "precision": 0.0,
        "recall": 0.0,
        "f1": 0.0
      },
      "G12_13": {
        "auc": 0.6583039601907527,
        "accuracy": 0.9345088161209067,
        "precision": 0.0,
        "recall": 0.0,
        "f1": 0.0
      }
    }
  },
  "icl_stats": {
    "random_cv": {
      "SVM-RBF C=10 balanced": {
        "auc_mean": 0.8227,
        "auc_std": 0.031,
        "acc_mean": 0.7895
      }
    },
    "cluster_cv": {
      "auc_mean": 0.8222,
      "auc_std": 0.016,
      "acc_mean": 0.7913
    },
    "logpso": {
      "Gq": {
        "auc": 0.6008512624466571,
        "accuracy": 0.6607142857142857,
        "precision": 0.0,
        "recall": 0.0,
        "f1": 0.0
      },
      "Gi": {
        "auc": 0.5680196606944664,
        "accuracy": 0.5994962216624685,
        "precision": 0.0,
        "recall": 0.0,
        "f1": 0.0
      },
      "Gs": {
        "auc": 0.5907334384858044,
        "accuracy": 0.7984886649874056,
        "precision": 0.0,
        "recall": 0.0,
        "f1": 0.0
      },
      "G12_13": {
        "auc": 0.6530167945262285,
        "accuracy": 0.9345088161209067,
        "precision": 0.0,
        "recall": 0.0,
        "f1": 0.0
      }
    }
  },
  "icl_full": {
    "random_cv": {
      "SVM-RBF C=10 balanced": {
        "auc_mean": 0.82,
        "auc_std": 0.0279,
        "acc_mean": 0.7889
      }
    },
    "cluster_cv": {
      "auc_mean": 0.8294,
      "auc_std": 0.0198,
      "acc_mean": 0.7956
    },
    "logpso": {
      "Gq": {
        "auc": 0.596139313655761,
        "accuracy": 0.6607142857142857,
        "precision": 0.0,
        "recall": 0.0,
        "f1": 0.0
      },
      "Gi": {
        "auc": 0.5260821309655939,
        "accuracy": 0.5994962216624685,
        "precision": 0.0,
        "recall": 0.0,
        "f1": 0.0
      },
      "Gs": {
        "auc": 0.5853115141955836,
        "accuracy": 0.7052896725440806,
        "precision": 0.27710843373493976,
        "recall": 0.2875,
        "f1": 0.2822085889570552
      },
      "G12_13": {
        "auc": 0.6647314949201741,
        "accuracy": 0.9345088161209067,
        "precision": 0.0,
        "recall": 0.0,
        "f1": 0.0
      }
    }
  },
  "icl_stats_v2": {
    "random_cv": {
      "SVM-RBF C=10 balanced": {
        "auc_mean": 0.8301,
        "auc_std": 0.0319,
        "acc_mean": 0.7999
      }
    },
    "cluster_cv": {
      "auc_mean": 0.8331,
      "auc_std": 0.0135,
      "acc_mean": 0.8005
    },
    "logpso": {
      "Gq": {
        "auc": 0.5922608463726885,
        "accuracy": 0.6607142857142857,
        "precision": 0.0,
        "recall": 0.0,
        "f1": 0.0
      },
      "Gi": {
        "auc": 0.5688388562972359,
        "accuracy": 0.5994962216624685,
        "precision": 0.0,
        "recall": 0.0,
        "f1": 0.0
      },
      "Gs": {
        "auc": 0.5909305993690852,
        "accuracy": 0.7984886649874056,
        "precision": 0.0,
        "recall": 0.0,
        "f1": 0.0
      },
      "G12_13": {
        "auc": 0.6521874352063031,
        "accuracy": 0.9345088161209067,
        "precision": 0.0,
        "recall": 0.0,
        "f1": 0.0
      }
    }
  },
  "icl_full_v2": {
    "random_cv": {
      "SVM-RBF C=10 balanced": {
        "auc_mean": 0.8215,
        "auc_std": 0.028,
        "acc_mean": 0.7913
      }
    },
    "cluster_cv": {
      "auc_mean": 0.8324,
      "auc_std": 0.0185,
      "acc_mean": 0.7993
    },
    "logpso": {
      "Gq": {
        "auc": 0.5953502844950213,
        "accuracy": 0.6607142857142857,
        "precision": 0.0,
        "recall": 0.0,
        "f1": 0.0
      },
      "Gi": {
        "auc": 0.525474340679668,
        "accuracy": 0.5994962216624685,
        "precision": 0.0,
        "recall": 0.0,
        "f1": 0.0
      },
      "Gs": {
        "auc": 0.5851932176656152,
        "accuracy": 0.7052896725440806,
        "precision": 0.27710843373493976,
        "recall": 0.2875,
        "f1": 0.2822085889570552
      },
      "G12_13": {
        "auc": 0.6651461745801368,
        "accuracy": 0.9345088161209067,
        "precision": 0.0,
        "recall": 0.0,
        "f1": 0.0
      }
    }
  },
  "alpha": {
    "random_cv": {
      "SVM-RBF C=10 balanced": {
        "auc_mean": 0.8167,
        "auc_std": 0.0292,
        "acc_mean": 0.7871
      }
    },
    "cluster_cv": {
      "auc_mean": 0.8287,
      "auc_std": 0.0205,
      "acc_mean": 0.7962
    },
    "logpso": {
      "Gq": {
        "auc": 0.6008068100995733,
        "accuracy": 0.6607142857142857,
        "precision": 0.0,
        "recall": 0.0,
        "f1": 0.0
      },
      "Gi": {
        "auc": 0.5251836583690079,
        "accuracy": 0.5994962216624685,
        "precision": 0.0,
        "recall": 0.0,
        "f1": 0.0
      },
      "Gs": {
        "auc": 0.5872831230283913,
        "accuracy": 0.7153652392947103,
        "precision": 0.3058823529411765,
        "recall": 0.325,
        "f1": 0.3151515151515151
      },
      "G12_13": {
        "auc": 0.6657681940700808,
        "accuracy": 0.9345088161209067,
        "precision": 0.0,
        "recall": 0.0,
        "f1": 0.0
      }
    }
  },
  "alpha_stats": {
    "random_cv": {
      "SVM-RBF C=10 balanced": {
        "auc_mean": 0.8197,
        "auc_std": 0.0306,
        "acc_mean": 0.7981
      }
    },
    "cluster_cv": {
      "auc_mean": 0.8219,
      "auc_std": 0.017,
      "acc_mean": 0.7895
    },
    "logpso": {
      "Gq": {
        "auc": 0.605140913940256,
        "accuracy": 0.6607142857142857,
        "precision": 0.0,
        "recall": 0.0,
        "f1": 0.0
      },
      "Gi": {
        "auc": 0.5697109032292162,
        "accuracy": 0.5994962216624685,
        "precision": 0.0,
        "recall": 0.0,
        "f1": 0.0
      },
      "Gs": {
        "auc": 0.5871451104100947,
        "accuracy": 0.7984886649874056,
        "precision": 0.0,
        "recall": 0.0,
        "f1": 0.0
      },
      "G12_13": {
        "auc": 0.6506323864814432,
        "accuracy": 0.9345088161209067,
        "precision": 0.0,
        "recall": 0.0,
        "f1": 0.0
      }
    }
  }
}