{
  "model": "MultiTaskCrossAttention",
  "embedding": "ESM2_650M",
  "features": "gpcr_esm_1280d+icl_full",
  "cluster_cv": {
    "macro_auc_mean": 0.8020308673044463,
    "macro_auc_std": 0.01924015252517409,
    "fold_aucs": [
      0.8251704354075043,
      0.7741495076558954,
      0.8137358587250101,
      0.8122762047111683,
      0.7848223300226532
    ],
    "per_family": {
      "G12_13": {
        "auc_mean": 0.6981600644692467,
        "auc_std": 0.15379940296111674
      },
      "Gi": {
        "auc_mean": 0.77668450807017,
        "auc_std": 0.05652830132500233
      },
      "Gq": {
        "auc_mean": 0.7761016492034678,
        "auc_std": 0.022274830274208728
      },
      "Gs": {
        "auc_mean": 0.8132519081305329,
        "auc_std": 0.06776712335301326
      }
    }
  },
  "logpso": {
    "per_family": {
      "G12_13": 0.6237240247903757,
      "Gi": 0.5712498095797698,
      "Gq": 0.5680898826458036,
      "Gs": 0.6007642663043479
    },
    "mean_auc": 0.5909569958300742
  }
}