{
  "description": "Tiered evaluation metrics from cluster-CV predictions",
  "tiers": {
    "Tier1": "Full dataset (1647 pairs)",
    "Tier2": "Remove zero-positive GPCRs (GPCRs with no positive annotations)"
  },
  "models": {
    "CA": {
      "Tier1_full": {
        "n": 1639,
        "n_pos": 417,
        "pos_ratio": 0.2544234289200732,
        "auc": 0.8465757672094729,
        "prauc": 0.6806234789909591,
        "brier": 0.16275074531661693
      },
      "Tier2_remove_zero_positive": {
        "n": 1036,
        "n_pos": 417,
        "pos_ratio": 0.4025096525096525,
        "auc": 0.811398054415918,
        "prauc": 0.7659621871903881,
        "brier": 0.20208289401751087
      },
      "per_family_tier2": {
        "Gq": {
          "n": 283,
          "auc": 0.7379218561671352,
          "prauc": 0.776475404352005
        },
        "Gi": {
          "n": 251,
          "auc": 0.7632622368061251,
          "prauc": 0.8466834492269201
        },
        "Gs": {
          "n": 251,
          "auc": 0.7599415204678364,
          "prauc": 0.6918017467558454
        },
        "G12_13": {
          "n": 251,
          "auc": 0.635042735042735,
          "prauc": 0.2648190031517875
        }
      }
    },
    "SVM": {
      "Tier1_full": {
        "n": 1639,
        "n_pos": 417,
        "pos_ratio": 0.2544234289200732,
        "auc": 0.8308930596929984,
        "prauc": 0.643175376425784,
        "brier": 0.1349453189351102
      },
      "Tier2_remove_zero_positive": {
        "n": 1036,
        "n_pos": 417,
        "pos_ratio": 0.4025096525096525,
        "auc": 0.8052691933690528,
        "prauc": 0.7333236941294787,
        "brier": 0.18640288524738524
      },
      "per_family_tier2": {
        "Gq": {
          "n": 283,
          "auc": 0.7085425873844917,
          "prauc": 0.7211477110394079
        },
        "Gi": {
          "n": 251,
          "auc": 0.7157847962811046,
          "prauc": 0.8077717199539372
        },
        "Gs": {
          "n": 251,
          "auc": 0.7992690058479532,
          "prauc": 0.7061746428899145
        },
        "G12_13": {
          "n": 251,
          "auc": 0.6345299145299145,
          "prauc": 0.2571441824495172
        }
      }
    },
    "MLP": {
      "Tier1_full": {
        "n": 1639,
        "n_pos": 417,
        "pos_ratio": 0.2544234289200732,
        "auc": 0.8380735673327131,
        "prauc": 0.6265532429250945,
        "brier": 0.17075156212918668
      },
      "Tier2_remove_zero_positive": {
        "n": 1036,
        "n_pos": 417,
        "pos_ratio": 0.4025096525096525,
        "auc": 0.8130096891791898,
        "prauc": 0.7253291461513262,
        "brier": 0.1884980409205696
      },
      "per_family_tier2": {
        "Gq": {
          "n": 283,
          "auc": 0.6994525914021695,
          "prauc": 0.7052894558890885
        },
        "Gi": {
          "n": 251,
          "auc": 0.7478807765928357,
          "prauc": 0.8158149273738795
        },
        "Gs": {
          "n": 251,
          "auc": 0.8071637426900584,
          "prauc": 0.6571917435964056
        },
        "G12_13": {
          "n": 251,
          "auc": 0.6531623931623932,
          "prauc": 0.24826328688980298
        }
      }
    }
  },
  "minimal_mlp_reference": {
    "auc_mean": 0.8432206938855065,
    "auc_std": 0.023411133577938403,
    "auc_95ci_low": 0.8042891707344602,
    "auc_95ci_high": 0.882547913171674,
    "prauc_mean": 0.6441722239928244,
    "prauc_std": 0.061904588888423595,
    "brier_mean": 0.16757268226759758,
    "brier_std": 0.007479069684775193,
    "n_repeats": 5,
    "n_total_folds": 25
  }
}