{
  "accuracy": {
    "mean": 0.3822222222222222,
    "std": 0.04309048762147849
  },
  "precision": {
    "mean": 0.0,
    "std": 0.0
  },
  "recall": {
    "mean": 0.0,
    "std": 0.0
  },
  "f1": {
    "mean": 0.0,
    "std": 0.0
  },
  "auc": {
    "mean": 0.5,
    "std": 0.0
  },
  "fold_results": [
    {
      "accuracy": 0.4,
      "precision": 0.0,
      "recall": 0.0,
      "f1": 0.0,
      "auc": 0.5,
      "predictions": [
        0.0,
        0.0,
        0.0,
        0.0,
        0.0,
        0.0,
        0.0,
        0.0,
        0.0,
        0.0
      ],
      "labels": [
        1.0,
        1.0,
        1.0,
        1.0,
        1.0,
        1.0,
        0.0,
        0.0,
        0.0,
        0.0
      ],
      "probabilities": [
        NaN,
        NaN,
        NaN,
        NaN,
        NaN,
        NaN,
        NaN,
        NaN,
        NaN,
        NaN
      ]
    },
    {
      "accuracy": 0.4,
      "precision": 0.0,
      "recall": 0.0,
      "f1": 0.0,
      "auc": 0.5,
      "predictions": [
        0.0,
        0.0,
        0.0,
        0.0,
        0.0,
        0.0,
        0.0,
        0.0,
        0.0,
        0.0
      ],
      "labels": [
        1.0,
        1.0,
        1.0,
        1.0,
        1.0,
        1.0,
        0.0,
        0.0,
        0.0,
        0.0
      ],
      "probabilities": [
        NaN,
        NaN,
        NaN,
        NaN,
        NaN,
        NaN,
        NaN,
        NaN,
        NaN,
        NaN
      ]
    },
    {
      "accuracy": 0.3333333333333333,
      "precision": 0.0,
      "recall": 0.0,
      "f1": 0.0,
      "auc": 0.5,
      "predictions": [
        0.0,
        0.0,
        0.0,
        0.0,
        0.0,
        0.0,
        0.0,
        0.0,
        0.0
      ],
      "labels": [
        1.0,
        1.0,
        1.0,
        1.0,
        1.0,
        1.0,
        0.0,
        0.0,
        0.0
      ],
      "probabilities": [
        NaN,
        NaN,
        NaN,
        NaN,
        NaN,
        NaN,
        NaN,
        NaN,
        NaN
      ]
    },
    {
      "accuracy": 0.3333333333333333,
      "precision": 0.0,
      "recall": 0.0,
      "f1": 0.0,
      "auc": 0.5,
      "predictions": [
        0.0,
        0.0,
        0.0,
        0.0,
        0.0,
        0.0,
        0.0,
        0.0,
        0.0
      ],
      "labels": [
        1.0,
        1.0,
        1.0,
        1.0,
        1.0,
        1.0,
        0.0,
        0.0,
        0.0
      ],
      "probabilities": [
        NaN,
        NaN,
        NaN,
        NaN,
        NaN,
        NaN,
        NaN,
        NaN,
        NaN
      ]
    },
    {
      "accuracy": 0.4444444444444444,
      "precision": 0.0,
      "recall": 0.0,
      "f1": 0.0,
      "auc": 0.5,
      "predictions": [
        0.0,
        0.0,
        0.0,
        0.0,
        0.0,
        0.0,
        0.0,
        0.0,
        0.0
      ],
      "labels": [
        1.0,
        1.0,
        1.0,
        1.0,
        1.0,
        0.0,
        0.0,
        0.0,
        0.0
      ],
      "probabilities": [
        NaN,
        NaN,
        NaN,
        NaN,
        NaN,
        NaN,
        NaN,
        NaN,
        NaN
      ]
    }
  ]
}