fold,sample,true_label,predicted,probability,correct
1,NP_150598.1,1,1,0.9961553,True
2,NP_001025186.1,1,1,0.99155736,True
3,AAO38857.1,1,1,0.9696814,True
4,BAG14330.1,1,0,0.021559367,False
5,BAH04514.1,0,0,0.00014663766,True
6,BAH04515.1,0,0,0.4034989,True
7,BAH04516.1,0,0,0.08501273,True
8,BAA31723.1,0,0,0.009135776,True
9,ACB05672.1,0,1,0.6787714,False
