{
  "SVM (Linear)": {
    "accuracy": 0.75,
    "precision": 0.7142857142857143,
    "recall": 1.0,
    "f1": 0.8333333333333334,
    "auc": 0.8666666666666667,
    "confusion_matrix": [
      [
        1,
        2
      ],
      [
        0,
        5
      ]
    ]
  },
  "SVM (RBF)": {
    "accuracy": 0.75,
    "precision": 0.7142857142857143,
    "recall": 1.0,
    "f1": 0.8333333333333334,
    "auc": 0.8,
    "confusion_matrix": [
      [
        1,
        2
      ],
      [
        0,
        5
      ]
    ]
  },
  "Random Forest": {
    "accuracy": 0.625,
    "precision": 0.6666666666666666,
    "recall": 0.8,
    "f1": 0.7272727272727273,
    "auc": 0.8,
    "confusion_matrix": [
      [
        1,
        2
      ],
      [
        1,
        4
      ]
    ]
  },
  "Logistic Regression": {
    "accuracy": 0.625,
    "precision": 0.6666666666666666,
    "recall": 0.8,
    "f1": 0.7272727272727273,
    "auc": 0.8,
    "confusion_matrix": [
      [
        1,
        2
      ],
      [
        1,
        4
      ]
    ]
  }
}