{
  "Random Forest": {
    "accuracy": {
      "mean": 0.7288888888888888,
      "std": 0.11278735591510684
    },
    "precision": {
      "mean": 0.7647619047619048,
      "std": 0.08212594718975277
    },
    "recall": {
      "mean": 0.7933333333333333,
      "std": 0.1236482466066094
    },
    "f1": {
      "mean": 0.777948717948718,
      "std": 0.09938138705031598
    },
    "auc": {
      "mean": 0.8550000000000001,
      "std": 0.10611547402316265
    }
  },
  "SVM (RBF)": {
    "accuracy": {
      "mean": 0.7466666666666667,
      "std": 0.14236104336041747
    },
    "precision": {
      "mean": 0.723968253968254,
      "std": 0.12639585961689676
    },
    "recall": {
      "mean": 1.0,
      "std": 0.0
    },
    "f1": {
      "mean": 0.8335164835164836,
      "std": 0.08693828793986148
    },
    "auc": {
      "mean": 0.913888888888889,
      "std": 0.08624541497922236
    }
  },
  "SVM (Linear)": {
    "accuracy": {
      "mean": 0.8533333333333333,
      "std": 0.04354648431614534
    },
    "precision": {
      "mean": 0.8595238095238095,
      "std": 0.08053111678708458
    },
    "recall": {
      "mean": 0.9266666666666667,
      "std": 0.09043106644167022
    },
    "f1": {
      "mean": 0.8851037851037852,
      "std": 0.03566577798021749
    },
    "auc": {
      "mean": 0.9638888888888889,
      "std": 0.03239417719358497
    }
  },
  "Logistic Regression": {
    "accuracy": {
      "mean": 0.8333333333333333,
      "std": 0.07503085784948503
    },
    "precision": {
      "mean": 0.8523809523809524,
      "std": 0.09085135251589958
    },
    "recall": {
      "mean": 0.8933333333333333,
      "std": 0.08793937305515277
    },
    "f1": {
      "mean": 0.8675213675213677,
      "std": 0.0590919180083542
    },
    "auc": {
      "mean": 0.9305555555555557,
      "std": 0.0668977476599572
    }
  }
}